artifact_id,artifact_path,artifact_type,artifact_family,status,source_sections,source_modules,source_decision_types,row_filter_logic,generation_rule,target_consumer,dependencies,priority,review_required,notes
MAP_ARTIFACT_GENERATION_CSV,/artifact_generation_map.csv,csv,maps,COMPLETED,generated in step 2,n/a,n/a,all planned artifacts,CSV version of artifact generation map.,User; Codex/Claude Code,master CSV,MVP,No,Created in this step.
MAP_ARTIFACT_GENERATION_JSON,/artifact_generation_map.json,json,maps,COMPLETED,generated in step 2,n/a,n/a,all planned artifacts,Machine-readable map of all target artifacts and source filters.,Codex/Claude Code,master CSV,MVP,No,Created in this step.
REPORT_COMPLETED_PENDING_MD,/reports/completed_pending_summary.md,md,reports,COMPLETED,derived from workflow state,n/a,n/a,merge completed; artifact map completed; JSON/MD pack pending; ZIP pending,Write status report with completed/pending summary and next steps.,User; Codex/Claude Code,artifact_generation_map,MVP,No,Created in this step.
CORE_ACTORS_JSON,/spec/core/actors.json,json,core,PENDING,02 Actors,actors,actor_definition; auth_requirement; ux_requirement; permission_scope; negative_requirement,section == '02 Actors',"Group rows by actor; generate actor objects with type, login requirement, dashboard requirement, data scope, allowed creates and forbidden actions.",Codex/Claude Code,CORE_PROJECT_JSON,MVP,Yes,"Used by roles, workflows, screens and tests."
CORE_BUSINESS_CONTEXT_MD,/spec/core/business_context.md,md,core,PENDING,01 Business Context,business_context,business_rule,section == '01 Business Context',"Write a concise BRD narrative using each question/answer row, preserving IDs as traceable anchors.",Codex/Claude Code,CORE_PROJECT_JSON,MVP,Yes,Human-readable context for agents.
CORE_DICTIONARY_JSON,/spec/core/dictionary.json,json,core,PENDING,04 Domain Dictionary; 13 Files and Documents,domain_dictionary; all document modules,dictionary; document,section == '04 Domain Dictionary' OR (section == '13 Files and Documents' AND decision_type == 'document'),"Generate canonical business dictionary with terms, types, definitions, identifiers, mapped entities and document terms.",Codex/Claude Code,CORE_PROJECT_JSON,MVP,Yes,ISO 20022-inspired business/data dictionary.
CORE_INTEGRATIONS_JSON,/spec/core/integrations.json,json,core,PENDING,12 Integrations,all integration modules,integration; integration_priority; integration_direction; integration_security,section == '12 Integrations',"Group integration rows by module; generate integration registry with purpose, priority, data direction, auth/security and tests.",Codex/Claude Code,CORE_PROJECT_JSON; SECURITY_SECRETS_POLICY_JSON,MVP,Yes,Runtime + development tool integrations.
CORE_PERMISSIONS_JSON,/spec/core/permissions.json,json,core,PENDING,03 Roles and Permissions,permission_rules; roles,permission; security_rule,section == '03 Roles and Permissions',Generate permission rules and negative access policies; include public access restrictions and delete restrictions.,Codex/Claude Code,CORE_ROLES_JSON; SECURITY_ACCESS_MATRIX_JSON,MVP,Yes,Can be converted into Directus permissions.
CORE_PROJECT_JSON,/spec/core/project.json,json,core,PENDING,00 Project Manifest,project_identity; modularity; security_baseline,identity; ownership; scope; architecture; deployment; standard; governance; security; milestone; privacy; build_runbook,section == '00 Project Manifest',"Convert project identity, architecture, scope, modularity, versioning, security baseline, milestones and build approach rows into a single project manifest object.",Codex/Claude Code,none,MVP,Yes,Root config consumed by all later artifacts.
CORE_ROLES_JSON,/spec/core/roles.json,json,core,PENDING,03 Roles and Permissions,roles,permission,section == '03 Roles and Permissions' AND module == 'roles',"Group rows by actor/role; generate role definitions with scope, collection access, field restrictions and policy summary.",Codex/Claude Code,CORE_ACTORS_JSON,MVP,Yes,Role definitions before access matrix.
CORE_SCHEMA_JSON,/spec/core/schema.json,json,core,PENDING,05 Data Schema,collections; fields,schema; schema_field,section == '05 Data Schema',"Group rows by entity/collection; generate full consolidated schema with fields, types, rules, security levels and relationships.",Codex/Claude Code,CORE_DICTIONARY_JSON,MVP,Yes,Consolidated schema; module schemas will be split from this.
CORE_STATUS_CODES_JSON,/spec/core/status_codes.json,json,core,PENDING,09 Status and Response Codes,all status groups,status_code,section == '09 Status and Response Codes',Group by module/status group and generate controlled lifecycle and API response code lists.,Codex/Claude Code,CORE_SCHEMA_JSON,MVP,Yes,Used by workflow state machines and UI badges.
SECURITY_ACCESS_MATRIX_JSON,/spec/security/access_matrix.json,json,security,PENDING,03 Roles and Permissions; 15 Security Hardening,roles; permission_rules; field_level_permissions; school_isolation; least_privilege,permission; security_rule; security_control,"section in ['03 Roles and Permissions','15 Security Hardening'] AND decision_type in ['permission','security_rule','security_control']",Generate role-by-entity access matrix with read/create/update/delete/export/field restrictions and scope rules.,Codex/Claude Code,CORE_ACTORS_JSON; CORE_ROLES_JSON,MVP,Yes,Central security artifact.
SECURITY_AUDIT_RULES_JSON,/spec/security/audit_rules.json,json,security,PENDING,15 Security Hardening; 17 Audit Reconciliation and Reversal,audit_required; all audit modules,security_control; audit_reconciliation_rule,"section in ['15 Security Hardening','17 Audit Reconciliation and Reversal']","Generate audit rules, audit event fields, critical action list and download/export logging rules.",Codex/Claude Code,CORE_SCHEMA_JSON,MVP,Yes,Shared audit rules across modules.
SECURITY_DATA_CLASSIFICATION_JSON,/spec/security/data_classification.json,json,security,PENDING,04 Domain Dictionary; 05 Data Schema; 15 Security Hardening; 16 Privacy and Children's Data,domain_dictionary; fields; children_data_classification; payment_data_classification; parent_contact_data_classification,dictionary; schema_field; security_control; privacy_rule,"security_level in ['public','internal','sensitive','restricted']",Generate data classes and map each field/entity/document to public/internal/sensitive/restricted handling.,Codex/Claude Code,CORE_SCHEMA_JSON; CORE_DICTIONARY_JSON,MVP,Yes,Needed for permission generation.
SECURITY_PRIVACY_JSON,/spec/security/privacy.json,json,security,PENDING,16 Privacy and Children's Data,all privacy modules,privacy_rule,"section == ""16 Privacy and Children's Data""","Generate privacy policy rules for data minimisation, children's data, consent, public certificate fields, exports, retention and staging data.",Codex/Claude Code,CORE_SCHEMA_JSON; SECURITY_DATA_CLASSIFICATION_JSON,MVP,Yes,MVP privacy constraints.
SECURITY_SECRETS_POLICY_JSON,/spec/security/secrets_policy.json,json,security,PENDING,12 Integrations; 15 Security Hardening; 20 Deployment and Operations Runbook,secrets_policy; env_*; directus_*; razorpay_*; email_*,security_control; Environment variable; integration_security,"module contains secrets/env/integration rows OR decision_type in ['Environment variable','integration_security']","Generate server-side secrets policy, env var list, no-browser-secrets rules and deployment handling.",Codex/Claude Code,CORE_INTEGRATIONS_JSON,MVP,Yes,Required before frontend/API generation.
SECURITY_BASELINE_JSON,/spec/security/security_baseline.json,json,security,PENDING,00 Project Manifest; 15 Security Hardening,security_baseline; all security controls,security; security_control,"section in ['00 Project Manifest','15 Security Hardening']","Generate deny-by-default, auth, authorisation, file, API, audit, rate limiting and safe error baseline.",Codex/Claude Code,CORE_PROJECT_JSON,MVP,Yes,Mandatory production safety artifact.
SECURITY_THREAT_MODEL_MD,/spec/security/threat_model.md,md,security,PENDING,15 Security Hardening; 16 Privacy and Children's Data; 17 Audit Reconciliation and Reversal,all security/privacy/audit modules,security_control; privacy_rule; audit_reconciliation_rule,"section in ['15 Security Hardening',""16 Privacy and Children's Data"",'17 Audit Reconciliation and Reversal']","Write a threat model summarising key risks: cross-school access, file leakage, payment webhook tampering, public verification abuse, result/certificate tampering and secret leakage.",Codex/Claude Code,SECURITY_BASELINE_JSON,MVP,Yes,Human-readable security context for reviewers.
CHANGES_CHANGE_CONTROL_JSON,/spec/changes/change_control.json,json,changes,PENDING,00 Project Manifest; 15 Security Hardening; 19 Build Instructions and Runbook,modularity; change_review_gate; runbook guardrails,governance; security_control; runbook_guardrail,"section in ['00 Project Manifest','15 Security Hardening','19 Build Instructions and Runbook'] AND answer/build_instruction references change, overwrite, approval, version, migration or rollback","Generate change-control rules, approval gates, schema migration requirements, regression requirements and version policy.",Codex/Claude Code,CORE_PROJECT_JSON,MVP,Yes,Future continuity artifact.
CHANGES_RELEASE_NOTES_MD,/spec/changes/release_notes.md,md,changes,PENDING,19 Build Instructions and Runbook; 20 Deployment and Operations Runbook,generate_release_notes; final_readiness_report; go_live checks,runbook_step; go_live_check,"module in ['generate_release_notes','final_readiness_report'] OR decision_type == 'go_live_check'","Create initial release notes template with sections for generated artifacts, tests, open assumptions, manual approvals and go-live status.",Codex/Claude Code,CHANGES_CHANGE_CONTROL_JSON,MVP,Yes,Template only at map stage.
MODULE_AUDIT_DOCUMENTS_JSON,/spec/modules/audit/documents.json,json,module:audit,PENDING,05 Data Schema; 15 Security; 17 Audit Reconciliation and Reversal; 18 Tests,audit,section 13 rows filtered by entity/workflow/module,"entity/module/workflow mentions audit_events, audit, reconciliation, reversal, exception_queue",Module files/documents and lifecycle rules.,Codex/Claude Code,SECURITY_AUDIT_RULES_JSON; CORE_SCHEMA_JSON,MVP,Yes,Generated as part of audit module pack.
MODULE_AUDIT_FEATURES_JSON,/spec/modules/audit/features.json,json,module:audit,PENDING,05 Data Schema; 15 Security; 17 Audit Reconciliation and Reversal; 18 Tests,audit,section 06 rows filtered by module/workflow/entity,"entity/module/workflow mentions audit_events, audit, reconciliation, reversal, exception_queue","Module feature definitions with inputs, outputs, gates and security rules.",Codex/Claude Code,SECURITY_AUDIT_RULES_JSON; CORE_SCHEMA_JSON,MVP,Yes,Generated as part of audit module pack.
MODULE_AUDIT_MESSAGES_JSON,/spec/modules/audit/messages.json,json,module:audit,PENDING,05 Data Schema; 15 Security; 17 Audit Reconciliation and Reversal; 18 Tests,audit,section 08 rows filtered by workflow/entity,"entity/module/workflow mentions audit_events, audit, reconciliation, reversal, exception_queue","Module API/message definitions with request, response, codes, idempotency and audit.",Codex/Claude Code,SECURITY_AUDIT_RULES_JSON; CORE_SCHEMA_JSON,MVP,Yes,Generated as part of audit module pack.
MODULE_AUDIT_MODULE_JSON,/spec/modules/audit/module.json,json,module:audit,PENDING,05 Data Schema; 15 Security; 17 Audit Reconciliation and Reversal; 18 Tests,audit,module metadata rows + relevant features/workflows,"entity/module/workflow mentions audit_events, audit, reconciliation, reversal, exception_queue","Module metadata, owner, dependencies, provided capabilities and version policy.",Codex/Claude Code,SECURITY_AUDIT_RULES_JSON; CORE_SCHEMA_JSON,MVP,Yes,Generated as part of audit module pack.
MODULE_AUDIT_NOTIFICATIONS_JSON,/spec/modules/audit/notifications.json,json,module:audit,PENDING,05 Data Schema; 15 Security; 17 Audit Reconciliation and Reversal; 18 Tests,audit,section 14 rows filtered by workflow/module,"entity/module/workflow mentions audit_events, audit, reconciliation, reversal, exception_queue","Module notifications, recipients, channels and templates.",Codex/Claude Code,SECURITY_AUDIT_RULES_JSON; CORE_SCHEMA_JSON,MVP,Yes,Generated as part of audit module pack.
MODULE_AUDIT_SCHEMA_JSON,/spec/modules/audit/schema.json,json,module:audit,PENDING,05 Data Schema; 15 Security; 17 Audit Reconciliation and Reversal; 18 Tests,audit,section 05 rows filtered by entity/module,"entity/module/workflow mentions audit_events, audit, reconciliation, reversal, exception_queue","Module-specific collections, fields and relationships.",Codex/Claude Code,SECURITY_AUDIT_RULES_JSON; CORE_SCHEMA_JSON,MVP,Yes,Generated as part of audit module pack.
MODULE_AUDIT_SCREENS_JSON,/spec/modules/audit/screens.json,json,module:audit,PENDING,05 Data Schema; 15 Security; 17 Audit Reconciliation and Reversal; 18 Tests,audit,section 11 rows filtered by module/workflow/entity,"entity/module/workflow mentions audit_events, audit, reconciliation, reversal, exception_queue","Module UI routes, access scope and UX requirements.",Codex/Claude Code,SECURITY_AUDIT_RULES_JSON; CORE_SCHEMA_JSON,MVP,Yes,Generated as part of audit module pack.
MODULE_AUDIT_SECURITY_JSON,/spec/modules/audit/security.json,json,module:audit,PENDING,05 Data Schema; 15 Security; 17 Audit Reconciliation and Reversal; 18 Tests,audit,sections 15-17 rows filtered by entity/workflow/module,"entity/module/workflow mentions audit_events, audit, reconciliation, reversal, exception_queue",Module-specific security/privacy/audit controls.,Codex/Claude Code,SECURITY_AUDIT_RULES_JSON; CORE_SCHEMA_JSON,MVP,Yes,Generated as part of audit module pack.
MODULE_AUDIT_TESTS_JSON,/spec/modules/audit/tests.json,json,module:audit,PENDING,05 Data Schema; 15 Security; 17 Audit Reconciliation and Reversal; 18 Tests,audit,section 18 rows filtered by workflow/entity/module,"entity/module/workflow mentions audit_events, audit, reconciliation, reversal, exception_queue",Module tests and acceptance/security/regression checks.,Codex/Claude Code,SECURITY_AUDIT_RULES_JSON; CORE_SCHEMA_JSON,MVP,Yes,Generated as part of audit module pack.
MODULE_AUDIT_VALIDATIONS_JSON,/spec/modules/audit/validations.json,json,module:audit,PENDING,05 Data Schema; 15 Security; 17 Audit Reconciliation and Reversal; 18 Tests,audit,section 10 rows filtered by workflow/entity,"entity/module/workflow mentions audit_events, audit, reconciliation, reversal, exception_queue",Module validation rules and server-side gates.,Codex/Claude Code,SECURITY_AUDIT_RULES_JSON; CORE_SCHEMA_JSON,MVP,Yes,Generated as part of audit module pack.
MODULE_AUDIT_WORKFLOWS_JSON,/spec/modules/audit/workflows.json,json,module:audit,PENDING,05 Data Schema; 15 Security; 17 Audit Reconciliation and Reversal; 18 Tests,audit,section 07 and section 09 rows filtered by workflow/entity,"entity/module/workflow mentions audit_events, audit, reconciliation, reversal, exception_queue","Module workflow statuses, transitions, gates, reversals and controls.",Codex/Claude Code,SECURITY_AUDIT_RULES_JSON; CORE_SCHEMA_JSON,MVP,Yes,Generated as part of audit module pack.
MODULE_CERTIFICATES_DOCUMENTS_JSON,/spec/modules/certificates/documents.json,json,module:certificates,PENDING,05 Data Schema; 06 Features; 07 Workflows; 08 Messages and API Actions; 09 Status; 10 Validation; 11 Screens; 12 Integrations; 13 Files; 14 Notifications; 16 Privacy; 17 Audit; 18 Tests,certificates,section 13 rows filtered by entity/workflow/module,"entity/module/workflow mentions certificates, certificate_generation, certificate_download, certificate_verification, PDF, public verification or staff_certificates",Module files/documents and lifecycle rules.,Codex/Claude Code,CORE_SCHEMA_JSON; MODULE_RESULTS_WORKFLOWS; SECURITY_PRIVACY_JSON,MVP,Yes,Generated as part of certificates module pack.
MODULE_CERTIFICATES_FEATURES_JSON,/spec/modules/certificates/features.json,json,module:certificates,PENDING,05 Data Schema; 06 Features; 07 Workflows; 08 Messages and API Actions; 09 Status; 10 Validation; 11 Screens; 12 Integrations; 13 Files; 14 Notifications; 16 Privacy; 17 Audit; 18 Tests,certificates,section 06 rows filtered by module/workflow/entity,"entity/module/workflow mentions certificates, certificate_generation, certificate_download, certificate_verification, PDF, public verification or staff_certificates","Module feature definitions with inputs, outputs, gates and security rules.",Codex/Claude Code,CORE_SCHEMA_JSON; MODULE_RESULTS_WORKFLOWS; SECURITY_PRIVACY_JSON,MVP,Yes,Generated as part of certificates module pack.
MODULE_CERTIFICATES_MESSAGES_JSON,/spec/modules/certificates/messages.json,json,module:certificates,PENDING,05 Data Schema; 06 Features; 07 Workflows; 08 Messages and API Actions; 09 Status; 10 Validation; 11 Screens; 12 Integrations; 13 Files; 14 Notifications; 16 Privacy; 17 Audit; 18 Tests,certificates,section 08 rows filtered by workflow/entity,"entity/module/workflow mentions certificates, certificate_generation, certificate_download, certificate_verification, PDF, public verification or staff_certificates","Module API/message definitions with request, response, codes, idempotency and audit.",Codex/Claude Code,CORE_SCHEMA_JSON; MODULE_RESULTS_WORKFLOWS; SECURITY_PRIVACY_JSON,MVP,Yes,Generated as part of certificates module pack.
MODULE_CERTIFICATES_MODULE_JSON,/spec/modules/certificates/module.json,json,module:certificates,PENDING,05 Data Schema; 06 Features; 07 Workflows; 08 Messages and API Actions; 09 Status; 10 Validation; 11 Screens; 12 Integrations; 13 Files; 14 Notifications; 16 Privacy; 17 Audit; 18 Tests,certificates,module metadata rows + relevant features/workflows,"entity/module/workflow mentions certificates, certificate_generation, certificate_download, certificate_verification, PDF, public verification or staff_certificates","Module metadata, owner, dependencies, provided capabilities and version policy.",Codex/Claude Code,CORE_SCHEMA_JSON; MODULE_RESULTS_WORKFLOWS; SECURITY_PRIVACY_JSON,MVP,Yes,Generated as part of certificates module pack.
MODULE_CERTIFICATES_NOTIFICATIONS_JSON,/spec/modules/certificates/notifications.json,json,module:certificates,PENDING,05 Data Schema; 06 Features; 07 Workflows; 08 Messages and API Actions; 09 Status; 10 Validation; 11 Screens; 12 Integrations; 13 Files; 14 Notifications; 16 Privacy; 17 Audit; 18 Tests,certificates,section 14 rows filtered by workflow/module,"entity/module/workflow mentions certificates, certificate_generation, certificate_download, certificate_verification, PDF, public verification or staff_certificates","Module notifications, recipients, channels and templates.",Codex/Claude Code,CORE_SCHEMA_JSON; MODULE_RESULTS_WORKFLOWS; SECURITY_PRIVACY_JSON,MVP,Yes,Generated as part of certificates module pack.
MODULE_CERTIFICATES_SCHEMA_JSON,/spec/modules/certificates/schema.json,json,module:certificates,PENDING,05 Data Schema; 06 Features; 07 Workflows; 08 Messages and API Actions; 09 Status; 10 Validation; 11 Screens; 12 Integrations; 13 Files; 14 Notifications; 16 Privacy; 17 Audit; 18 Tests,certificates,section 05 rows filtered by entity/module,"entity/module/workflow mentions certificates, certificate_generation, certificate_download, certificate_verification, PDF, public verification or staff_certificates","Module-specific collections, fields and relationships.",Codex/Claude Code,CORE_SCHEMA_JSON; MODULE_RESULTS_WORKFLOWS; SECURITY_PRIVACY_JSON,MVP,Yes,Generated as part of certificates module pack.
MODULE_CERTIFICATES_SCREENS_JSON,/spec/modules/certificates/screens.json,json,module:certificates,PENDING,05 Data Schema; 06 Features; 07 Workflows; 08 Messages and API Actions; 09 Status; 10 Validation; 11 Screens; 12 Integrations; 13 Files; 14 Notifications; 16 Privacy; 17 Audit; 18 Tests,certificates,section 11 rows filtered by module/workflow/entity,"entity/module/workflow mentions certificates, certificate_generation, certificate_download, certificate_verification, PDF, public verification or staff_certificates","Module UI routes, access scope and UX requirements.",Codex/Claude Code,CORE_SCHEMA_JSON; MODULE_RESULTS_WORKFLOWS; SECURITY_PRIVACY_JSON,MVP,Yes,Generated as part of certificates module pack.
MODULE_CERTIFICATES_SECURITY_JSON,/spec/modules/certificates/security.json,json,module:certificates,PENDING,05 Data Schema; 06 Features; 07 Workflows; 08 Messages and API Actions; 09 Status; 10 Validation; 11 Screens; 12 Integrations; 13 Files; 14 Notifications; 16 Privacy; 17 Audit; 18 Tests,certificates,sections 15-17 rows filtered by entity/workflow/module,"entity/module/workflow mentions certificates, certificate_generation, certificate_download, certificate_verification, PDF, public verification or staff_certificates",Module-specific security/privacy/audit controls.,Codex/Claude Code,CORE_SCHEMA_JSON; MODULE_RESULTS_WORKFLOWS; SECURITY_PRIVACY_JSON,MVP,Yes,Generated as part of certificates module pack.
MODULE_CERTIFICATES_TESTS_JSON,/spec/modules/certificates/tests.json,json,module:certificates,PENDING,05 Data Schema; 06 Features; 07 Workflows; 08 Messages and API Actions; 09 Status; 10 Validation; 11 Screens; 12 Integrations; 13 Files; 14 Notifications; 16 Privacy; 17 Audit; 18 Tests,certificates,section 18 rows filtered by workflow/entity/module,"entity/module/workflow mentions certificates, certificate_generation, certificate_download, certificate_verification, PDF, public verification or staff_certificates",Module tests and acceptance/security/regression checks.,Codex/Claude Code,CORE_SCHEMA_JSON; MODULE_RESULTS_WORKFLOWS; SECURITY_PRIVACY_JSON,MVP,Yes,Generated as part of certificates module pack.
MODULE_CERTIFICATES_VALIDATIONS_JSON,/spec/modules/certificates/validations.json,json,module:certificates,PENDING,05 Data Schema; 06 Features; 07 Workflows; 08 Messages and API Actions; 09 Status; 10 Validation; 11 Screens; 12 Integrations; 13 Files; 14 Notifications; 16 Privacy; 17 Audit; 18 Tests,certificates,section 10 rows filtered by workflow/entity,"entity/module/workflow mentions certificates, certificate_generation, certificate_download, certificate_verification, PDF, public verification or staff_certificates",Module validation rules and server-side gates.,Codex/Claude Code,CORE_SCHEMA_JSON; MODULE_RESULTS_WORKFLOWS; SECURITY_PRIVACY_JSON,MVP,Yes,Generated as part of certificates module pack.
MODULE_CERTIFICATES_WORKFLOWS_JSON,/spec/modules/certificates/workflows.json,json,module:certificates,PENDING,05 Data Schema; 06 Features; 07 Workflows; 08 Messages and API Actions; 09 Status; 10 Validation; 11 Screens; 12 Integrations; 13 Files; 14 Notifications; 16 Privacy; 17 Audit; 18 Tests,certificates,section 07 and section 09 rows filtered by workflow/entity,"entity/module/workflow mentions certificates, certificate_generation, certificate_download, certificate_verification, PDF, public verification or staff_certificates","Module workflow statuses, transitions, gates, reversals and controls.",Codex/Claude Code,CORE_SCHEMA_JSON; MODULE_RESULTS_WORKFLOWS; SECURITY_PRIVACY_JSON,MVP,Yes,Generated as part of certificates module pack.
MODULE_COURIER_DOCUMENTS_JSON,/spec/modules/courier/documents.json,json,module:courier,PENDING,05 Data Schema; 06 Features; 07 Workflows; 08 Messages and API Actions; 10 Validation; 11 Screens; 13 Files; 14 Notifications; 17 Audit; 18 Tests,courier,section 13 rows filtered by entity/workflow/module,"entity/module/workflow mentions courier_batches, courier_workflow, courier_submission, answer_sheet_receipt, courier_page or staff_courier",Module files/documents and lifecycle rules.,Codex/Claude Code,CORE_SCHEMA_JSON; MODULE_EXAM_MATERIALS_WORKFLOWS,MVP,Yes,Generated as part of courier module pack.
MODULE_COURIER_FEATURES_JSON,/spec/modules/courier/features.json,json,module:courier,PENDING,05 Data Schema; 06 Features; 07 Workflows; 08 Messages and API Actions; 10 Validation; 11 Screens; 13 Files; 14 Notifications; 17 Audit; 18 Tests,courier,section 06 rows filtered by module/workflow/entity,"entity/module/workflow mentions courier_batches, courier_workflow, courier_submission, answer_sheet_receipt, courier_page or staff_courier","Module feature definitions with inputs, outputs, gates and security rules.",Codex/Claude Code,CORE_SCHEMA_JSON; MODULE_EXAM_MATERIALS_WORKFLOWS,MVP,Yes,Generated as part of courier module pack.
MODULE_COURIER_MESSAGES_JSON,/spec/modules/courier/messages.json,json,module:courier,PENDING,05 Data Schema; 06 Features; 07 Workflows; 08 Messages and API Actions; 10 Validation; 11 Screens; 13 Files; 14 Notifications; 17 Audit; 18 Tests,courier,section 08 rows filtered by workflow/entity,"entity/module/workflow mentions courier_batches, courier_workflow, courier_submission, answer_sheet_receipt, courier_page or staff_courier","Module API/message definitions with request, response, codes, idempotency and audit.",Codex/Claude Code,CORE_SCHEMA_JSON; MODULE_EXAM_MATERIALS_WORKFLOWS,MVP,Yes,Generated as part of courier module pack.
MODULE_COURIER_MODULE_JSON,/spec/modules/courier/module.json,json,module:courier,PENDING,05 Data Schema; 06 Features; 07 Workflows; 08 Messages and API Actions; 10 Validation; 11 Screens; 13 Files; 14 Notifications; 17 Audit; 18 Tests,courier,module metadata rows + relevant features/workflows,"entity/module/workflow mentions courier_batches, courier_workflow, courier_submission, answer_sheet_receipt, courier_page or staff_courier","Module metadata, owner, dependencies, provided capabilities and version policy.",Codex/Claude Code,CORE_SCHEMA_JSON; MODULE_EXAM_MATERIALS_WORKFLOWS,MVP,Yes,Generated as part of courier module pack.
MODULE_COURIER_NOTIFICATIONS_JSON,/spec/modules/courier/notifications.json,json,module:courier,PENDING,05 Data Schema; 06 Features; 07 Workflows; 08 Messages and API Actions; 10 Validation; 11 Screens; 13 Files; 14 Notifications; 17 Audit; 18 Tests,courier,section 14 rows filtered by workflow/module,"entity/module/workflow mentions courier_batches, courier_workflow, courier_submission, answer_sheet_receipt, courier_page or staff_courier","Module notifications, recipients, channels and templates.",Codex/Claude Code,CORE_SCHEMA_JSON; MODULE_EXAM_MATERIALS_WORKFLOWS,MVP,Yes,Generated as part of courier module pack.
MODULE_COURIER_SCHEMA_JSON,/spec/modules/courier/schema.json,json,module:courier,PENDING,05 Data Schema; 06 Features; 07 Workflows; 08 Messages and API Actions; 10 Validation; 11 Screens; 13 Files; 14 Notifications; 17 Audit; 18 Tests,courier,section 05 rows filtered by entity/module,"entity/module/workflow mentions courier_batches, courier_workflow, courier_submission, answer_sheet_receipt, courier_page or staff_courier","Module-specific collections, fields and relationships.",Codex/Claude Code,CORE_SCHEMA_JSON; MODULE_EXAM_MATERIALS_WORKFLOWS,MVP,Yes,Generated as part of courier module pack.
MODULE_COURIER_SCREENS_JSON,/spec/modules/courier/screens.json,json,module:courier,PENDING,05 Data Schema; 06 Features; 07 Workflows; 08 Messages and API Actions; 10 Validation; 11 Screens; 13 Files; 14 Notifications; 17 Audit; 18 Tests,courier,section 11 rows filtered by module/workflow/entity,"entity/module/workflow mentions courier_batches, courier_workflow, courier_submission, answer_sheet_receipt, courier_page or staff_courier","Module UI routes, access scope and UX requirements.",Codex/Claude Code,CORE_SCHEMA_JSON; MODULE_EXAM_MATERIALS_WORKFLOWS,MVP,Yes,Generated as part of courier module pack.
MODULE_COURIER_SECURITY_JSON,/spec/modules/courier/security.json,json,module:courier,PENDING,05 Data Schema; 06 Features; 07 Workflows; 08 Messages and API Actions; 10 Validation; 11 Screens; 13 Files; 14 Notifications; 17 Audit; 18 Tests,courier,sections 15-17 rows filtered by entity/workflow/module,"entity/module/workflow mentions courier_batches, courier_workflow, courier_submission, answer_sheet_receipt, courier_page or staff_courier",Module-specific security/privacy/audit controls.,Codex/Claude Code,CORE_SCHEMA_JSON; MODULE_EXAM_MATERIALS_WORKFLOWS,MVP,Yes,Generated as part of courier module pack.
MODULE_COURIER_TESTS_JSON,/spec/modules/courier/tests.json,json,module:courier,PENDING,05 Data Schema; 06 Features; 07 Workflows; 08 Messages and API Actions; 10 Validation; 11 Screens; 13 Files; 14 Notifications; 17 Audit; 18 Tests,courier,section 18 rows filtered by workflow/entity/module,"entity/module/workflow mentions courier_batches, courier_workflow, courier_submission, answer_sheet_receipt, courier_page or staff_courier",Module tests and acceptance/security/regression checks.,Codex/Claude Code,CORE_SCHEMA_JSON; MODULE_EXAM_MATERIALS_WORKFLOWS,MVP,Yes,Generated as part of courier module pack.
MODULE_COURIER_VALIDATIONS_JSON,/spec/modules/courier/validations.json,json,module:courier,PENDING,05 Data Schema; 06 Features; 07 Workflows; 08 Messages and API Actions; 10 Validation; 11 Screens; 13 Files; 14 Notifications; 17 Audit; 18 Tests,courier,section 10 rows filtered by workflow/entity,"entity/module/workflow mentions courier_batches, courier_workflow, courier_submission, answer_sheet_receipt, courier_page or staff_courier",Module validation rules and server-side gates.,Codex/Claude Code,CORE_SCHEMA_JSON; MODULE_EXAM_MATERIALS_WORKFLOWS,MVP,Yes,Generated as part of courier module pack.
MODULE_COURIER_WORKFLOWS_JSON,/spec/modules/courier/workflows.json,json,module:courier,PENDING,05 Data Schema; 06 Features; 07 Workflows; 08 Messages and API Actions; 10 Validation; 11 Screens; 13 Files; 14 Notifications; 17 Audit; 18 Tests,courier,section 07 and section 09 rows filtered by workflow/entity,"entity/module/workflow mentions courier_batches, courier_workflow, courier_submission, answer_sheet_receipt, courier_page or staff_courier","Module workflow statuses, transitions, gates, reversals and controls.",Codex/Claude Code,CORE_SCHEMA_JSON; MODULE_EXAM_MATERIALS_WORKFLOWS,MVP,Yes,Generated as part of courier module pack.
MODULE_EXAM_MATERIALS_DOCUMENTS_JSON,/spec/modules/exam_materials/documents.json,json,module:exam_materials,PENDING,05 Data Schema; 06 Features; 07 Workflows; 08 Messages and API Actions; 10 Validation; 11 Screens; 13 Files; 14 Notifications; 15 Security; 18 Tests,exam_materials,section 13 rows filtered by entity/workflow/module,"entity/module/workflow mentions exam_materials, exam_material_release, exam_materials_page, material download, question_paper, omr_sheet, attendance_sheet or file_access",Module files/documents and lifecycle rules.,Codex/Claude Code,CORE_SCHEMA_JSON; MODULE_PAYMENTS_WORKFLOWS; SECURITY_BASELINE_JSON,MVP,Yes,Generated as part of exam_materials module pack.
MODULE_EXAM_MATERIALS_FEATURES_JSON,/spec/modules/exam_materials/features.json,json,module:exam_materials,PENDING,05 Data Schema; 06 Features; 07 Workflows; 08 Messages and API Actions; 10 Validation; 11 Screens; 13 Files; 14 Notifications; 15 Security; 18 Tests,exam_materials,section 06 rows filtered by module/workflow/entity,"entity/module/workflow mentions exam_materials, exam_material_release, exam_materials_page, material download, question_paper, omr_sheet, attendance_sheet or file_access","Module feature definitions with inputs, outputs, gates and security rules.",Codex/Claude Code,CORE_SCHEMA_JSON; MODULE_PAYMENTS_WORKFLOWS; SECURITY_BASELINE_JSON,MVP,Yes,Generated as part of exam_materials module pack.
MODULE_EXAM_MATERIALS_MESSAGES_JSON,/spec/modules/exam_materials/messages.json,json,module:exam_materials,PENDING,05 Data Schema; 06 Features; 07 Workflows; 08 Messages and API Actions; 10 Validation; 11 Screens; 13 Files; 14 Notifications; 15 Security; 18 Tests,exam_materials,section 08 rows filtered by workflow/entity,"entity/module/workflow mentions exam_materials, exam_material_release, exam_materials_page, material download, question_paper, omr_sheet, attendance_sheet or file_access","Module API/message definitions with request, response, codes, idempotency and audit.",Codex/Claude Code,CORE_SCHEMA_JSON; MODULE_PAYMENTS_WORKFLOWS; SECURITY_BASELINE_JSON,MVP,Yes,Generated as part of exam_materials module pack.
MODULE_EXAM_MATERIALS_MODULE_JSON,/spec/modules/exam_materials/module.json,json,module:exam_materials,PENDING,05 Data Schema; 06 Features; 07 Workflows; 08 Messages and API Actions; 10 Validation; 11 Screens; 13 Files; 14 Notifications; 15 Security; 18 Tests,exam_materials,module metadata rows + relevant features/workflows,"entity/module/workflow mentions exam_materials, exam_material_release, exam_materials_page, material download, question_paper, omr_sheet, attendance_sheet or file_access","Module metadata, owner, dependencies, provided capabilities and version policy.",Codex/Claude Code,CORE_SCHEMA_JSON; MODULE_PAYMENTS_WORKFLOWS; SECURITY_BASELINE_JSON,MVP,Yes,Generated as part of exam_materials module pack.
MODULE_EXAM_MATERIALS_NOTIFICATIONS_JSON,/spec/modules/exam_materials/notifications.json,json,module:exam_materials,PENDING,05 Data Schema; 06 Features; 07 Workflows; 08 Messages and API Actions; 10 Validation; 11 Screens; 13 Files; 14 Notifications; 15 Security; 18 Tests,exam_materials,section 14 rows filtered by workflow/module,"entity/module/workflow mentions exam_materials, exam_material_release, exam_materials_page, material download, question_paper, omr_sheet, attendance_sheet or file_access","Module notifications, recipients, channels and templates.",Codex/Claude Code,CORE_SCHEMA_JSON; MODULE_PAYMENTS_WORKFLOWS; SECURITY_BASELINE_JSON,MVP,Yes,Generated as part of exam_materials module pack.
MODULE_EXAM_MATERIALS_SCHEMA_JSON,/spec/modules/exam_materials/schema.json,json,module:exam_materials,PENDING,05 Data Schema; 06 Features; 07 Workflows; 08 Messages and API Actions; 10 Validation; 11 Screens; 13 Files; 14 Notifications; 15 Security; 18 Tests,exam_materials,section 05 rows filtered by entity/module,"entity/module/workflow mentions exam_materials, exam_material_release, exam_materials_page, material download, question_paper, omr_sheet, attendance_sheet or file_access","Module-specific collections, fields and relationships.",Codex/Claude Code,CORE_SCHEMA_JSON; MODULE_PAYMENTS_WORKFLOWS; SECURITY_BASELINE_JSON,MVP,Yes,Generated as part of exam_materials module pack.
MODULE_EXAM_MATERIALS_SCREENS_JSON,/spec/modules/exam_materials/screens.json,json,module:exam_materials,PENDING,05 Data Schema; 06 Features; 07 Workflows; 08 Messages and API Actions; 10 Validation; 11 Screens; 13 Files; 14 Notifications; 15 Security; 18 Tests,exam_materials,section 11 rows filtered by module/workflow/entity,"entity/module/workflow mentions exam_materials, exam_material_release, exam_materials_page, material download, question_paper, omr_sheet, attendance_sheet or file_access","Module UI routes, access scope and UX requirements.",Codex/Claude Code,CORE_SCHEMA_JSON; MODULE_PAYMENTS_WORKFLOWS; SECURITY_BASELINE_JSON,MVP,Yes,Generated as part of exam_materials module pack.
MODULE_EXAM_MATERIALS_SECURITY_JSON,/spec/modules/exam_materials/security.json,json,module:exam_materials,PENDING,05 Data Schema; 06 Features; 07 Workflows; 08 Messages and API Actions; 10 Validation; 11 Screens; 13 Files; 14 Notifications; 15 Security; 18 Tests,exam_materials,sections 15-17 rows filtered by entity/workflow/module,"entity/module/workflow mentions exam_materials, exam_material_release, exam_materials_page, material download, question_paper, omr_sheet, attendance_sheet or file_access",Module-specific security/privacy/audit controls.,Codex/Claude Code,CORE_SCHEMA_JSON; MODULE_PAYMENTS_WORKFLOWS; SECURITY_BASELINE_JSON,MVP,Yes,Generated as part of exam_materials module pack.
MODULE_EXAM_MATERIALS_TESTS_JSON,/spec/modules/exam_materials/tests.json,json,module:exam_materials,PENDING,05 Data Schema; 06 Features; 07 Workflows; 08 Messages and API Actions; 10 Validation; 11 Screens; 13 Files; 14 Notifications; 15 Security; 18 Tests,exam_materials,section 18 rows filtered by workflow/entity/module,"entity/module/workflow mentions exam_materials, exam_material_release, exam_materials_page, material download, question_paper, omr_sheet, attendance_sheet or file_access",Module tests and acceptance/security/regression checks.,Codex/Claude Code,CORE_SCHEMA_JSON; MODULE_PAYMENTS_WORKFLOWS; SECURITY_BASELINE_JSON,MVP,Yes,Generated as part of exam_materials module pack.
MODULE_EXAM_MATERIALS_VALIDATIONS_JSON,/spec/modules/exam_materials/validations.json,json,module:exam_materials,PENDING,05 Data Schema; 06 Features; 07 Workflows; 08 Messages and API Actions; 10 Validation; 11 Screens; 13 Files; 14 Notifications; 15 Security; 18 Tests,exam_materials,section 10 rows filtered by workflow/entity,"entity/module/workflow mentions exam_materials, exam_material_release, exam_materials_page, material download, question_paper, omr_sheet, attendance_sheet or file_access",Module validation rules and server-side gates.,Codex/Claude Code,CORE_SCHEMA_JSON; MODULE_PAYMENTS_WORKFLOWS; SECURITY_BASELINE_JSON,MVP,Yes,Generated as part of exam_materials module pack.
MODULE_EXAM_MATERIALS_WORKFLOWS_JSON,/spec/modules/exam_materials/workflows.json,json,module:exam_materials,PENDING,05 Data Schema; 06 Features; 07 Workflows; 08 Messages and API Actions; 10 Validation; 11 Screens; 13 Files; 14 Notifications; 15 Security; 18 Tests,exam_materials,section 07 and section 09 rows filtered by workflow/entity,"entity/module/workflow mentions exam_materials, exam_material_release, exam_materials_page, material download, question_paper, omr_sheet, attendance_sheet or file_access","Module workflow statuses, transitions, gates, reversals and controls.",Codex/Claude Code,CORE_SCHEMA_JSON; MODULE_PAYMENTS_WORKFLOWS; SECURITY_BASELINE_JSON,MVP,Yes,Generated as part of exam_materials module pack.
MODULE_EXAM_SLOTS_DOCUMENTS_JSON,/spec/modules/exam_slots/documents.json,json,module:exam_slots,PENDING,05 Data Schema; 06 Features; 07 Workflows; 08 Messages and API Actions; 09 Status; 10 Validation; 11 Screens; 18 Tests,exam_slots,section 13 rows filtered by entity/workflow/module,"entity/module/workflow mentions exam_slots, exam_slot_booking, exam_slot_selection or staff_exam_slots",Module files/documents and lifecycle rules.,Codex/Claude Code,CORE_SCHEMA_JSON; MODULE_PAYMENTS_VALIDATIONS,MVP,Yes,Generated as part of exam_slots module pack.
MODULE_EXAM_SLOTS_FEATURES_JSON,/spec/modules/exam_slots/features.json,json,module:exam_slots,PENDING,05 Data Schema; 06 Features; 07 Workflows; 08 Messages and API Actions; 09 Status; 10 Validation; 11 Screens; 18 Tests,exam_slots,section 06 rows filtered by module/workflow/entity,"entity/module/workflow mentions exam_slots, exam_slot_booking, exam_slot_selection or staff_exam_slots","Module feature definitions with inputs, outputs, gates and security rules.",Codex/Claude Code,CORE_SCHEMA_JSON; MODULE_PAYMENTS_VALIDATIONS,MVP,Yes,Generated as part of exam_slots module pack.
MODULE_EXAM_SLOTS_MESSAGES_JSON,/spec/modules/exam_slots/messages.json,json,module:exam_slots,PENDING,05 Data Schema; 06 Features; 07 Workflows; 08 Messages and API Actions; 09 Status; 10 Validation; 11 Screens; 18 Tests,exam_slots,section 08 rows filtered by workflow/entity,"entity/module/workflow mentions exam_slots, exam_slot_booking, exam_slot_selection or staff_exam_slots","Module API/message definitions with request, response, codes, idempotency and audit.",Codex/Claude Code,CORE_SCHEMA_JSON; MODULE_PAYMENTS_VALIDATIONS,MVP,Yes,Generated as part of exam_slots module pack.
MODULE_EXAM_SLOTS_MODULE_JSON,/spec/modules/exam_slots/module.json,json,module:exam_slots,PENDING,05 Data Schema; 06 Features; 07 Workflows; 08 Messages and API Actions; 09 Status; 10 Validation; 11 Screens; 18 Tests,exam_slots,module metadata rows + relevant features/workflows,"entity/module/workflow mentions exam_slots, exam_slot_booking, exam_slot_selection or staff_exam_slots","Module metadata, owner, dependencies, provided capabilities and version policy.",Codex/Claude Code,CORE_SCHEMA_JSON; MODULE_PAYMENTS_VALIDATIONS,MVP,Yes,Generated as part of exam_slots module pack.
MODULE_EXAM_SLOTS_NOTIFICATIONS_JSON,/spec/modules/exam_slots/notifications.json,json,module:exam_slots,PENDING,05 Data Schema; 06 Features; 07 Workflows; 08 Messages and API Actions; 09 Status; 10 Validation; 11 Screens; 18 Tests,exam_slots,section 14 rows filtered by workflow/module,"entity/module/workflow mentions exam_slots, exam_slot_booking, exam_slot_selection or staff_exam_slots","Module notifications, recipients, channels and templates.",Codex/Claude Code,CORE_SCHEMA_JSON; MODULE_PAYMENTS_VALIDATIONS,MVP,Yes,Generated as part of exam_slots module pack.
MODULE_EXAM_SLOTS_SCHEMA_JSON,/spec/modules/exam_slots/schema.json,json,module:exam_slots,PENDING,05 Data Schema; 06 Features; 07 Workflows; 08 Messages and API Actions; 09 Status; 10 Validation; 11 Screens; 18 Tests,exam_slots,section 05 rows filtered by entity/module,"entity/module/workflow mentions exam_slots, exam_slot_booking, exam_slot_selection or staff_exam_slots","Module-specific collections, fields and relationships.",Codex/Claude Code,CORE_SCHEMA_JSON; MODULE_PAYMENTS_VALIDATIONS,MVP,Yes,Generated as part of exam_slots module pack.
MODULE_EXAM_SLOTS_SCREENS_JSON,/spec/modules/exam_slots/screens.json,json,module:exam_slots,PENDING,05 Data Schema; 06 Features; 07 Workflows; 08 Messages and API Actions; 09 Status; 10 Validation; 11 Screens; 18 Tests,exam_slots,section 11 rows filtered by module/workflow/entity,"entity/module/workflow mentions exam_slots, exam_slot_booking, exam_slot_selection or staff_exam_slots","Module UI routes, access scope and UX requirements.",Codex/Claude Code,CORE_SCHEMA_JSON; MODULE_PAYMENTS_VALIDATIONS,MVP,Yes,Generated as part of exam_slots module pack.
MODULE_EXAM_SLOTS_SECURITY_JSON,/spec/modules/exam_slots/security.json,json,module:exam_slots,PENDING,05 Data Schema; 06 Features; 07 Workflows; 08 Messages and API Actions; 09 Status; 10 Validation; 11 Screens; 18 Tests,exam_slots,sections 15-17 rows filtered by entity/workflow/module,"entity/module/workflow mentions exam_slots, exam_slot_booking, exam_slot_selection or staff_exam_slots",Module-specific security/privacy/audit controls.,Codex/Claude Code,CORE_SCHEMA_JSON; MODULE_PAYMENTS_VALIDATIONS,MVP,Yes,Generated as part of exam_slots module pack.
MODULE_EXAM_SLOTS_TESTS_JSON,/spec/modules/exam_slots/tests.json,json,module:exam_slots,PENDING,05 Data Schema; 06 Features; 07 Workflows; 08 Messages and API Actions; 09 Status; 10 Validation; 11 Screens; 18 Tests,exam_slots,section 18 rows filtered by workflow/entity/module,"entity/module/workflow mentions exam_slots, exam_slot_booking, exam_slot_selection or staff_exam_slots",Module tests and acceptance/security/regression checks.,Codex/Claude Code,CORE_SCHEMA_JSON; MODULE_PAYMENTS_VALIDATIONS,MVP,Yes,Generated as part of exam_slots module pack.
MODULE_EXAM_SLOTS_VALIDATIONS_JSON,/spec/modules/exam_slots/validations.json,json,module:exam_slots,PENDING,05 Data Schema; 06 Features; 07 Workflows; 08 Messages and API Actions; 09 Status; 10 Validation; 11 Screens; 18 Tests,exam_slots,section 10 rows filtered by workflow/entity,"entity/module/workflow mentions exam_slots, exam_slot_booking, exam_slot_selection or staff_exam_slots",Module validation rules and server-side gates.,Codex/Claude Code,CORE_SCHEMA_JSON; MODULE_PAYMENTS_VALIDATIONS,MVP,Yes,Generated as part of exam_slots module pack.
MODULE_EXAM_SLOTS_WORKFLOWS_JSON,/spec/modules/exam_slots/workflows.json,json,module:exam_slots,PENDING,05 Data Schema; 06 Features; 07 Workflows; 08 Messages and API Actions; 09 Status; 10 Validation; 11 Screens; 18 Tests,exam_slots,section 07 and section 09 rows filtered by workflow/entity,"entity/module/workflow mentions exam_slots, exam_slot_booking, exam_slot_selection or staff_exam_slots","Module workflow statuses, transitions, gates, reversals and controls.",Codex/Claude Code,CORE_SCHEMA_JSON; MODULE_PAYMENTS_VALIDATIONS,MVP,Yes,Generated as part of exam_slots module pack.
MODULE_NOTIFICATIONS_DOCUMENTS_JSON,/spec/modules/notifications/documents.json,json,module:notifications,PENDING,12 Integrations; 14 Notifications; 15 Security; 16 Privacy; 18 Tests,notifications,section 13 rows filtered by entity/workflow/module,"section == '14 Notifications' OR module/entity/workflow mentions notifications, email_provider, Amazon SES, Listmonk",Module files/documents and lifecycle rules.,Codex/Claude Code,CORE_INTEGRATIONS_JSON; SECURITY_PRIVACY_JSON,MVP,Yes,Generated as part of notifications module pack.
MODULE_NOTIFICATIONS_FEATURES_JSON,/spec/modules/notifications/features.json,json,module:notifications,PENDING,12 Integrations; 14 Notifications; 15 Security; 16 Privacy; 18 Tests,notifications,section 06 rows filtered by module/workflow/entity,"section == '14 Notifications' OR module/entity/workflow mentions notifications, email_provider, Amazon SES, Listmonk","Module feature definitions with inputs, outputs, gates and security rules.",Codex/Claude Code,CORE_INTEGRATIONS_JSON; SECURITY_PRIVACY_JSON,MVP,Yes,Generated as part of notifications module pack.
MODULE_NOTIFICATIONS_MESSAGES_JSON,/spec/modules/notifications/messages.json,json,module:notifications,PENDING,12 Integrations; 14 Notifications; 15 Security; 16 Privacy; 18 Tests,notifications,section 08 rows filtered by workflow/entity,"section == '14 Notifications' OR module/entity/workflow mentions notifications, email_provider, Amazon SES, Listmonk","Module API/message definitions with request, response, codes, idempotency and audit.",Codex/Claude Code,CORE_INTEGRATIONS_JSON; SECURITY_PRIVACY_JSON,MVP,Yes,Generated as part of notifications module pack.
MODULE_NOTIFICATIONS_MODULE_JSON,/spec/modules/notifications/module.json,json,module:notifications,PENDING,12 Integrations; 14 Notifications; 15 Security; 16 Privacy; 18 Tests,notifications,module metadata rows + relevant features/workflows,"section == '14 Notifications' OR module/entity/workflow mentions notifications, email_provider, Amazon SES, Listmonk","Module metadata, owner, dependencies, provided capabilities and version policy.",Codex/Claude Code,CORE_INTEGRATIONS_JSON; SECURITY_PRIVACY_JSON,MVP,Yes,Generated as part of notifications module pack.
MODULE_NOTIFICATIONS_NOTIFICATIONS_JSON,/spec/modules/notifications/notifications.json,json,module:notifications,PENDING,12 Integrations; 14 Notifications; 15 Security; 16 Privacy; 18 Tests,notifications,section 14 rows filtered by workflow/module,"section == '14 Notifications' OR module/entity/workflow mentions notifications, email_provider, Amazon SES, Listmonk","Module notifications, recipients, channels and templates.",Codex/Claude Code,CORE_INTEGRATIONS_JSON; SECURITY_PRIVACY_JSON,MVP,Yes,Generated as part of notifications module pack.
MODULE_NOTIFICATIONS_SCHEMA_JSON,/spec/modules/notifications/schema.json,json,module:notifications,PENDING,12 Integrations; 14 Notifications; 15 Security; 16 Privacy; 18 Tests,notifications,section 05 rows filtered by entity/module,"section == '14 Notifications' OR module/entity/workflow mentions notifications, email_provider, Amazon SES, Listmonk","Module-specific collections, fields and relationships.",Codex/Claude Code,CORE_INTEGRATIONS_JSON; SECURITY_PRIVACY_JSON,MVP,Yes,Generated as part of notifications module pack.
MODULE_NOTIFICATIONS_SCREENS_JSON,/spec/modules/notifications/screens.json,json,module:notifications,PENDING,12 Integrations; 14 Notifications; 15 Security; 16 Privacy; 18 Tests,notifications,section 11 rows filtered by module/workflow/entity,"section == '14 Notifications' OR module/entity/workflow mentions notifications, email_provider, Amazon SES, Listmonk","Module UI routes, access scope and UX requirements.",Codex/Claude Code,CORE_INTEGRATIONS_JSON; SECURITY_PRIVACY_JSON,MVP,Yes,Generated as part of notifications module pack.
MODULE_NOTIFICATIONS_SECURITY_JSON,/spec/modules/notifications/security.json,json,module:notifications,PENDING,12 Integrations; 14 Notifications; 15 Security; 16 Privacy; 18 Tests,notifications,sections 15-17 rows filtered by entity/workflow/module,"section == '14 Notifications' OR module/entity/workflow mentions notifications, email_provider, Amazon SES, Listmonk",Module-specific security/privacy/audit controls.,Codex/Claude Code,CORE_INTEGRATIONS_JSON; SECURITY_PRIVACY_JSON,MVP,Yes,Generated as part of notifications module pack.
MODULE_NOTIFICATIONS_TESTS_JSON,/spec/modules/notifications/tests.json,json,module:notifications,PENDING,12 Integrations; 14 Notifications; 15 Security; 16 Privacy; 18 Tests,notifications,section 18 rows filtered by workflow/entity/module,"section == '14 Notifications' OR module/entity/workflow mentions notifications, email_provider, Amazon SES, Listmonk",Module tests and acceptance/security/regression checks.,Codex/Claude Code,CORE_INTEGRATIONS_JSON; SECURITY_PRIVACY_JSON,MVP,Yes,Generated as part of notifications module pack.
MODULE_NOTIFICATIONS_VALIDATIONS_JSON,/spec/modules/notifications/validations.json,json,module:notifications,PENDING,12 Integrations; 14 Notifications; 15 Security; 16 Privacy; 18 Tests,notifications,section 10 rows filtered by workflow/entity,"section == '14 Notifications' OR module/entity/workflow mentions notifications, email_provider, Amazon SES, Listmonk",Module validation rules and server-side gates.,Codex/Claude Code,CORE_INTEGRATIONS_JSON; SECURITY_PRIVACY_JSON,MVP,Yes,Generated as part of notifications module pack.
MODULE_NOTIFICATIONS_WORKFLOWS_JSON,/spec/modules/notifications/workflows.json,json,module:notifications,PENDING,12 Integrations; 14 Notifications; 15 Security; 16 Privacy; 18 Tests,notifications,section 07 and section 09 rows filtered by workflow/entity,"section == '14 Notifications' OR module/entity/workflow mentions notifications, email_provider, Amazon SES, Listmonk","Module workflow statuses, transitions, gates, reversals and controls.",Codex/Claude Code,CORE_INTEGRATIONS_JSON; SECURITY_PRIVACY_JSON,MVP,Yes,Generated as part of notifications module pack.
MODULE_OMR_IMPORTS_DOCUMENTS_JSON,/spec/modules/omr_imports/documents.json,json,module:omr_imports,PENDING,05 Data Schema; 06 Features; 07 Workflows; 08 Messages and API Actions; 10 Validation; 12 Integrations; 13 Files; 14 Notifications; 17 Audit; 18 Tests,omr_imports,section 13 rows filtered by entity/workflow/module,"entity/module/workflow mentions omr_imports, omr_result_import, evaluation_workflow, OMRChecker, omr_result_csv or staff_omr_import",Module files/documents and lifecycle rules.,Codex/Claude Code,CORE_SCHEMA_JSON; MODULE_COURIER_WORKFLOWS,MVP,Yes,Generated as part of omr_imports module pack.
MODULE_OMR_IMPORTS_FEATURES_JSON,/spec/modules/omr_imports/features.json,json,module:omr_imports,PENDING,05 Data Schema; 06 Features; 07 Workflows; 08 Messages and API Actions; 10 Validation; 12 Integrations; 13 Files; 14 Notifications; 17 Audit; 18 Tests,omr_imports,section 06 rows filtered by module/workflow/entity,"entity/module/workflow mentions omr_imports, omr_result_import, evaluation_workflow, OMRChecker, omr_result_csv or staff_omr_import","Module feature definitions with inputs, outputs, gates and security rules.",Codex/Claude Code,CORE_SCHEMA_JSON; MODULE_COURIER_WORKFLOWS,MVP,Yes,Generated as part of omr_imports module pack.
MODULE_OMR_IMPORTS_MESSAGES_JSON,/spec/modules/omr_imports/messages.json,json,module:omr_imports,PENDING,05 Data Schema; 06 Features; 07 Workflows; 08 Messages and API Actions; 10 Validation; 12 Integrations; 13 Files; 14 Notifications; 17 Audit; 18 Tests,omr_imports,section 08 rows filtered by workflow/entity,"entity/module/workflow mentions omr_imports, omr_result_import, evaluation_workflow, OMRChecker, omr_result_csv or staff_omr_import","Module API/message definitions with request, response, codes, idempotency and audit.",Codex/Claude Code,CORE_SCHEMA_JSON; MODULE_COURIER_WORKFLOWS,MVP,Yes,Generated as part of omr_imports module pack.
MODULE_OMR_IMPORTS_MODULE_JSON,/spec/modules/omr_imports/module.json,json,module:omr_imports,PENDING,05 Data Schema; 06 Features; 07 Workflows; 08 Messages and API Actions; 10 Validation; 12 Integrations; 13 Files; 14 Notifications; 17 Audit; 18 Tests,omr_imports,module metadata rows + relevant features/workflows,"entity/module/workflow mentions omr_imports, omr_result_import, evaluation_workflow, OMRChecker, omr_result_csv or staff_omr_import","Module metadata, owner, dependencies, provided capabilities and version policy.",Codex/Claude Code,CORE_SCHEMA_JSON; MODULE_COURIER_WORKFLOWS,MVP,Yes,Generated as part of omr_imports module pack.
MODULE_OMR_IMPORTS_NOTIFICATIONS_JSON,/spec/modules/omr_imports/notifications.json,json,module:omr_imports,PENDING,05 Data Schema; 06 Features; 07 Workflows; 08 Messages and API Actions; 10 Validation; 12 Integrations; 13 Files; 14 Notifications; 17 Audit; 18 Tests,omr_imports,section 14 rows filtered by workflow/module,"entity/module/workflow mentions omr_imports, omr_result_import, evaluation_workflow, OMRChecker, omr_result_csv or staff_omr_import","Module notifications, recipients, channels and templates.",Codex/Claude Code,CORE_SCHEMA_JSON; MODULE_COURIER_WORKFLOWS,MVP,Yes,Generated as part of omr_imports module pack.
MODULE_OMR_IMPORTS_SCHEMA_JSON,/spec/modules/omr_imports/schema.json,json,module:omr_imports,PENDING,05 Data Schema; 06 Features; 07 Workflows; 08 Messages and API Actions; 10 Validation; 12 Integrations; 13 Files; 14 Notifications; 17 Audit; 18 Tests,omr_imports,section 05 rows filtered by entity/module,"entity/module/workflow mentions omr_imports, omr_result_import, evaluation_workflow, OMRChecker, omr_result_csv or staff_omr_import","Module-specific collections, fields and relationships.",Codex/Claude Code,CORE_SCHEMA_JSON; MODULE_COURIER_WORKFLOWS,MVP,Yes,Generated as part of omr_imports module pack.
MODULE_OMR_IMPORTS_SCREENS_JSON,/spec/modules/omr_imports/screens.json,json,module:omr_imports,PENDING,05 Data Schema; 06 Features; 07 Workflows; 08 Messages and API Actions; 10 Validation; 12 Integrations; 13 Files; 14 Notifications; 17 Audit; 18 Tests,omr_imports,section 11 rows filtered by module/workflow/entity,"entity/module/workflow mentions omr_imports, omr_result_import, evaluation_workflow, OMRChecker, omr_result_csv or staff_omr_import","Module UI routes, access scope and UX requirements.",Codex/Claude Code,CORE_SCHEMA_JSON; MODULE_COURIER_WORKFLOWS,MVP,Yes,Generated as part of omr_imports module pack.
MODULE_OMR_IMPORTS_SECURITY_JSON,/spec/modules/omr_imports/security.json,json,module:omr_imports,PENDING,05 Data Schema; 06 Features; 07 Workflows; 08 Messages and API Actions; 10 Validation; 12 Integrations; 13 Files; 14 Notifications; 17 Audit; 18 Tests,omr_imports,sections 15-17 rows filtered by entity/workflow/module,"entity/module/workflow mentions omr_imports, omr_result_import, evaluation_workflow, OMRChecker, omr_result_csv or staff_omr_import",Module-specific security/privacy/audit controls.,Codex/Claude Code,CORE_SCHEMA_JSON; MODULE_COURIER_WORKFLOWS,MVP,Yes,Generated as part of omr_imports module pack.
MODULE_OMR_IMPORTS_TESTS_JSON,/spec/modules/omr_imports/tests.json,json,module:omr_imports,PENDING,05 Data Schema; 06 Features; 07 Workflows; 08 Messages and API Actions; 10 Validation; 12 Integrations; 13 Files; 14 Notifications; 17 Audit; 18 Tests,omr_imports,section 18 rows filtered by workflow/entity/module,"entity/module/workflow mentions omr_imports, omr_result_import, evaluation_workflow, OMRChecker, omr_result_csv or staff_omr_import",Module tests and acceptance/security/regression checks.,Codex/Claude Code,CORE_SCHEMA_JSON; MODULE_COURIER_WORKFLOWS,MVP,Yes,Generated as part of omr_imports module pack.
MODULE_OMR_IMPORTS_VALIDATIONS_JSON,/spec/modules/omr_imports/validations.json,json,module:omr_imports,PENDING,05 Data Schema; 06 Features; 07 Workflows; 08 Messages and API Actions; 10 Validation; 12 Integrations; 13 Files; 14 Notifications; 17 Audit; 18 Tests,omr_imports,section 10 rows filtered by workflow/entity,"entity/module/workflow mentions omr_imports, omr_result_import, evaluation_workflow, OMRChecker, omr_result_csv or staff_omr_import",Module validation rules and server-side gates.,Codex/Claude Code,CORE_SCHEMA_JSON; MODULE_COURIER_WORKFLOWS,MVP,Yes,Generated as part of omr_imports module pack.
MODULE_OMR_IMPORTS_WORKFLOWS_JSON,/spec/modules/omr_imports/workflows.json,json,module:omr_imports,PENDING,05 Data Schema; 06 Features; 07 Workflows; 08 Messages and API Actions; 10 Validation; 12 Integrations; 13 Files; 14 Notifications; 17 Audit; 18 Tests,omr_imports,section 07 and section 09 rows filtered by workflow/entity,"entity/module/workflow mentions omr_imports, omr_result_import, evaluation_workflow, OMRChecker, omr_result_csv or staff_omr_import","Module workflow statuses, transitions, gates, reversals and controls.",Codex/Claude Code,CORE_SCHEMA_JSON; MODULE_COURIER_WORKFLOWS,MVP,Yes,Generated as part of omr_imports module pack.
MODULE_PAYMENTS_DOCUMENTS_JSON,/spec/modules/payments/documents.json,json,module:payments,PENDING,03 Roles and Permissions; 05 Data Schema; 06 Features; 07 Workflows; 08 Messages and API Actions; 09 Status; 10 Validation; 12 Integrations; 14 Notifications; 15 Security; 17 Audit; 18 Tests; 20 Deployment,payments,section 13 rows filtered by entity/workflow/module,"entity/module/workflow mentions payments, payment_workflow, fee_commission_calculation, payment_link_creation, payment_webhook, manual_payment_confirmation, Razorpay or reconciliation",Module files/documents and lifecycle rules.,Codex/Claude Code,CORE_SCHEMA_JSON; CORE_INTEGRATIONS_JSON; SECURITY_SECRETS_POLICY_JSON,MVP,Yes,Generated as part of payments module pack.
MODULE_PAYMENTS_FEATURES_JSON,/spec/modules/payments/features.json,json,module:payments,PENDING,03 Roles and Permissions; 05 Data Schema; 06 Features; 07 Workflows; 08 Messages and API Actions; 09 Status; 10 Validation; 12 Integrations; 14 Notifications; 15 Security; 17 Audit; 18 Tests; 20 Deployment,payments,section 06 rows filtered by module/workflow/entity,"entity/module/workflow mentions payments, payment_workflow, fee_commission_calculation, payment_link_creation, payment_webhook, manual_payment_confirmation, Razorpay or reconciliation","Module feature definitions with inputs, outputs, gates and security rules.",Codex/Claude Code,CORE_SCHEMA_JSON; CORE_INTEGRATIONS_JSON; SECURITY_SECRETS_POLICY_JSON,MVP,Yes,Generated as part of payments module pack.
MODULE_PAYMENTS_MESSAGES_JSON,/spec/modules/payments/messages.json,json,module:payments,PENDING,03 Roles and Permissions; 05 Data Schema; 06 Features; 07 Workflows; 08 Messages and API Actions; 09 Status; 10 Validation; 12 Integrations; 14 Notifications; 15 Security; 17 Audit; 18 Tests; 20 Deployment,payments,section 08 rows filtered by workflow/entity,"entity/module/workflow mentions payments, payment_workflow, fee_commission_calculation, payment_link_creation, payment_webhook, manual_payment_confirmation, Razorpay or reconciliation","Module API/message definitions with request, response, codes, idempotency and audit.",Codex/Claude Code,CORE_SCHEMA_JSON; CORE_INTEGRATIONS_JSON; SECURITY_SECRETS_POLICY_JSON,MVP,Yes,Generated as part of payments module pack.
MODULE_PAYMENTS_MODULE_JSON,/spec/modules/payments/module.json,json,module:payments,PENDING,03 Roles and Permissions; 05 Data Schema; 06 Features; 07 Workflows; 08 Messages and API Actions; 09 Status; 10 Validation; 12 Integrations; 14 Notifications; 15 Security; 17 Audit; 18 Tests; 20 Deployment,payments,module metadata rows + relevant features/workflows,"entity/module/workflow mentions payments, payment_workflow, fee_commission_calculation, payment_link_creation, payment_webhook, manual_payment_confirmation, Razorpay or reconciliation","Module metadata, owner, dependencies, provided capabilities and version policy.",Codex/Claude Code,CORE_SCHEMA_JSON; CORE_INTEGRATIONS_JSON; SECURITY_SECRETS_POLICY_JSON,MVP,Yes,Generated as part of payments module pack.
MODULE_PAYMENTS_NOTIFICATIONS_JSON,/spec/modules/payments/notifications.json,json,module:payments,PENDING,03 Roles and Permissions; 05 Data Schema; 06 Features; 07 Workflows; 08 Messages and API Actions; 09 Status; 10 Validation; 12 Integrations; 14 Notifications; 15 Security; 17 Audit; 18 Tests; 20 Deployment,payments,section 14 rows filtered by workflow/module,"entity/module/workflow mentions payments, payment_workflow, fee_commission_calculation, payment_link_creation, payment_webhook, manual_payment_confirmation, Razorpay or reconciliation","Module notifications, recipients, channels and templates.",Codex/Claude Code,CORE_SCHEMA_JSON; CORE_INTEGRATIONS_JSON; SECURITY_SECRETS_POLICY_JSON,MVP,Yes,Generated as part of payments module pack.
MODULE_PAYMENTS_SCHEMA_JSON,/spec/modules/payments/schema.json,json,module:payments,PENDING,03 Roles and Permissions; 05 Data Schema; 06 Features; 07 Workflows; 08 Messages and API Actions; 09 Status; 10 Validation; 12 Integrations; 14 Notifications; 15 Security; 17 Audit; 18 Tests; 20 Deployment,payments,section 05 rows filtered by entity/module,"entity/module/workflow mentions payments, payment_workflow, fee_commission_calculation, payment_link_creation, payment_webhook, manual_payment_confirmation, Razorpay or reconciliation","Module-specific collections, fields and relationships.",Codex/Claude Code,CORE_SCHEMA_JSON; CORE_INTEGRATIONS_JSON; SECURITY_SECRETS_POLICY_JSON,MVP,Yes,Generated as part of payments module pack.
MODULE_PAYMENTS_SCREENS_JSON,/spec/modules/payments/screens.json,json,module:payments,PENDING,03 Roles and Permissions; 05 Data Schema; 06 Features; 07 Workflows; 08 Messages and API Actions; 09 Status; 10 Validation; 12 Integrations; 14 Notifications; 15 Security; 17 Audit; 18 Tests; 20 Deployment,payments,section 11 rows filtered by module/workflow/entity,"entity/module/workflow mentions payments, payment_workflow, fee_commission_calculation, payment_link_creation, payment_webhook, manual_payment_confirmation, Razorpay or reconciliation","Module UI routes, access scope and UX requirements.",Codex/Claude Code,CORE_SCHEMA_JSON; CORE_INTEGRATIONS_JSON; SECURITY_SECRETS_POLICY_JSON,MVP,Yes,Generated as part of payments module pack.
MODULE_PAYMENTS_SECURITY_JSON,/spec/modules/payments/security.json,json,module:payments,PENDING,03 Roles and Permissions; 05 Data Schema; 06 Features; 07 Workflows; 08 Messages and API Actions; 09 Status; 10 Validation; 12 Integrations; 14 Notifications; 15 Security; 17 Audit; 18 Tests; 20 Deployment,payments,sections 15-17 rows filtered by entity/workflow/module,"entity/module/workflow mentions payments, payment_workflow, fee_commission_calculation, payment_link_creation, payment_webhook, manual_payment_confirmation, Razorpay or reconciliation",Module-specific security/privacy/audit controls.,Codex/Claude Code,CORE_SCHEMA_JSON; CORE_INTEGRATIONS_JSON; SECURITY_SECRETS_POLICY_JSON,MVP,Yes,Generated as part of payments module pack.
MODULE_PAYMENTS_TESTS_JSON,/spec/modules/payments/tests.json,json,module:payments,PENDING,03 Roles and Permissions; 05 Data Schema; 06 Features; 07 Workflows; 08 Messages and API Actions; 09 Status; 10 Validation; 12 Integrations; 14 Notifications; 15 Security; 17 Audit; 18 Tests; 20 Deployment,payments,section 18 rows filtered by workflow/entity/module,"entity/module/workflow mentions payments, payment_workflow, fee_commission_calculation, payment_link_creation, payment_webhook, manual_payment_confirmation, Razorpay or reconciliation",Module tests and acceptance/security/regression checks.,Codex/Claude Code,CORE_SCHEMA_JSON; CORE_INTEGRATIONS_JSON; SECURITY_SECRETS_POLICY_JSON,MVP,Yes,Generated as part of payments module pack.
MODULE_PAYMENTS_VALIDATIONS_JSON,/spec/modules/payments/validations.json,json,module:payments,PENDING,03 Roles and Permissions; 05 Data Schema; 06 Features; 07 Workflows; 08 Messages and API Actions; 09 Status; 10 Validation; 12 Integrations; 14 Notifications; 15 Security; 17 Audit; 18 Tests; 20 Deployment,payments,section 10 rows filtered by workflow/entity,"entity/module/workflow mentions payments, payment_workflow, fee_commission_calculation, payment_link_creation, payment_webhook, manual_payment_confirmation, Razorpay or reconciliation",Module validation rules and server-side gates.,Codex/Claude Code,CORE_SCHEMA_JSON; CORE_INTEGRATIONS_JSON; SECURITY_SECRETS_POLICY_JSON,MVP,Yes,Generated as part of payments module pack.
MODULE_PAYMENTS_WORKFLOWS_JSON,/spec/modules/payments/workflows.json,json,module:payments,PENDING,03 Roles and Permissions; 05 Data Schema; 06 Features; 07 Workflows; 08 Messages and API Actions; 09 Status; 10 Validation; 12 Integrations; 14 Notifications; 15 Security; 17 Audit; 18 Tests; 20 Deployment,payments,section 07 and section 09 rows filtered by workflow/entity,"entity/module/workflow mentions payments, payment_workflow, fee_commission_calculation, payment_link_creation, payment_webhook, manual_payment_confirmation, Razorpay or reconciliation","Module workflow statuses, transitions, gates, reversals and controls.",Codex/Claude Code,CORE_SCHEMA_JSON; CORE_INTEGRATIONS_JSON; SECURITY_SECRETS_POLICY_JSON,MVP,Yes,Generated as part of payments module pack.
MODULE_RESULTS_DOCUMENTS_JSON,/spec/modules/results/documents.json,json,module:results,PENDING,05 Data Schema; 06 Features; 07 Workflows; 08 Messages and API Actions; 09 Status; 10 Validation; 11 Screens; 14 Notifications; 17 Audit; 18 Tests,results,section 13 rows filtered by entity/workflow/module,"entity/module/workflow mentions results, result_approval, result_publication, results_page, staff_results or ranking",Module files/documents and lifecycle rules.,Codex/Claude Code,CORE_SCHEMA_JSON; MODULE_OMR_IMPORTS_WORKFLOWS,MVP,Yes,Generated as part of results module pack.
MODULE_RESULTS_FEATURES_JSON,/spec/modules/results/features.json,json,module:results,PENDING,05 Data Schema; 06 Features; 07 Workflows; 08 Messages and API Actions; 09 Status; 10 Validation; 11 Screens; 14 Notifications; 17 Audit; 18 Tests,results,section 06 rows filtered by module/workflow/entity,"entity/module/workflow mentions results, result_approval, result_publication, results_page, staff_results or ranking","Module feature definitions with inputs, outputs, gates and security rules.",Codex/Claude Code,CORE_SCHEMA_JSON; MODULE_OMR_IMPORTS_WORKFLOWS,MVP,Yes,Generated as part of results module pack.
MODULE_RESULTS_MESSAGES_JSON,/spec/modules/results/messages.json,json,module:results,PENDING,05 Data Schema; 06 Features; 07 Workflows; 08 Messages and API Actions; 09 Status; 10 Validation; 11 Screens; 14 Notifications; 17 Audit; 18 Tests,results,section 08 rows filtered by workflow/entity,"entity/module/workflow mentions results, result_approval, result_publication, results_page, staff_results or ranking","Module API/message definitions with request, response, codes, idempotency and audit.",Codex/Claude Code,CORE_SCHEMA_JSON; MODULE_OMR_IMPORTS_WORKFLOWS,MVP,Yes,Generated as part of results module pack.
MODULE_RESULTS_MODULE_JSON,/spec/modules/results/module.json,json,module:results,PENDING,05 Data Schema; 06 Features; 07 Workflows; 08 Messages and API Actions; 09 Status; 10 Validation; 11 Screens; 14 Notifications; 17 Audit; 18 Tests,results,module metadata rows + relevant features/workflows,"entity/module/workflow mentions results, result_approval, result_publication, results_page, staff_results or ranking","Module metadata, owner, dependencies, provided capabilities and version policy.",Codex/Claude Code,CORE_SCHEMA_JSON; MODULE_OMR_IMPORTS_WORKFLOWS,MVP,Yes,Generated as part of results module pack.
MODULE_RESULTS_NOTIFICATIONS_JSON,/spec/modules/results/notifications.json,json,module:results,PENDING,05 Data Schema; 06 Features; 07 Workflows; 08 Messages and API Actions; 09 Status; 10 Validation; 11 Screens; 14 Notifications; 17 Audit; 18 Tests,results,section 14 rows filtered by workflow/module,"entity/module/workflow mentions results, result_approval, result_publication, results_page, staff_results or ranking","Module notifications, recipients, channels and templates.",Codex/Claude Code,CORE_SCHEMA_JSON; MODULE_OMR_IMPORTS_WORKFLOWS,MVP,Yes,Generated as part of results module pack.
MODULE_RESULTS_SCHEMA_JSON,/spec/modules/results/schema.json,json,module:results,PENDING,05 Data Schema; 06 Features; 07 Workflows; 08 Messages and API Actions; 09 Status; 10 Validation; 11 Screens; 14 Notifications; 17 Audit; 18 Tests,results,section 05 rows filtered by entity/module,"entity/module/workflow mentions results, result_approval, result_publication, results_page, staff_results or ranking","Module-specific collections, fields and relationships.",Codex/Claude Code,CORE_SCHEMA_JSON; MODULE_OMR_IMPORTS_WORKFLOWS,MVP,Yes,Generated as part of results module pack.
MODULE_RESULTS_SCREENS_JSON,/spec/modules/results/screens.json,json,module:results,PENDING,05 Data Schema; 06 Features; 07 Workflows; 08 Messages and API Actions; 09 Status; 10 Validation; 11 Screens; 14 Notifications; 17 Audit; 18 Tests,results,section 11 rows filtered by module/workflow/entity,"entity/module/workflow mentions results, result_approval, result_publication, results_page, staff_results or ranking","Module UI routes, access scope and UX requirements.",Codex/Claude Code,CORE_SCHEMA_JSON; MODULE_OMR_IMPORTS_WORKFLOWS,MVP,Yes,Generated as part of results module pack.
MODULE_RESULTS_SECURITY_JSON,/spec/modules/results/security.json,json,module:results,PENDING,05 Data Schema; 06 Features; 07 Workflows; 08 Messages and API Actions; 09 Status; 10 Validation; 11 Screens; 14 Notifications; 17 Audit; 18 Tests,results,sections 15-17 rows filtered by entity/workflow/module,"entity/module/workflow mentions results, result_approval, result_publication, results_page, staff_results or ranking",Module-specific security/privacy/audit controls.,Codex/Claude Code,CORE_SCHEMA_JSON; MODULE_OMR_IMPORTS_WORKFLOWS,MVP,Yes,Generated as part of results module pack.
MODULE_RESULTS_TESTS_JSON,/spec/modules/results/tests.json,json,module:results,PENDING,05 Data Schema; 06 Features; 07 Workflows; 08 Messages and API Actions; 09 Status; 10 Validation; 11 Screens; 14 Notifications; 17 Audit; 18 Tests,results,section 18 rows filtered by workflow/entity/module,"entity/module/workflow mentions results, result_approval, result_publication, results_page, staff_results or ranking",Module tests and acceptance/security/regression checks.,Codex/Claude Code,CORE_SCHEMA_JSON; MODULE_OMR_IMPORTS_WORKFLOWS,MVP,Yes,Generated as part of results module pack.
MODULE_RESULTS_VALIDATIONS_JSON,/spec/modules/results/validations.json,json,module:results,PENDING,05 Data Schema; 06 Features; 07 Workflows; 08 Messages and API Actions; 09 Status; 10 Validation; 11 Screens; 14 Notifications; 17 Audit; 18 Tests,results,section 10 rows filtered by workflow/entity,"entity/module/workflow mentions results, result_approval, result_publication, results_page, staff_results or ranking",Module validation rules and server-side gates.,Codex/Claude Code,CORE_SCHEMA_JSON; MODULE_OMR_IMPORTS_WORKFLOWS,MVP,Yes,Generated as part of results module pack.
MODULE_RESULTS_WORKFLOWS_JSON,/spec/modules/results/workflows.json,json,module:results,PENDING,05 Data Schema; 06 Features; 07 Workflows; 08 Messages and API Actions; 09 Status; 10 Validation; 11 Screens; 14 Notifications; 17 Audit; 18 Tests,results,section 07 and section 09 rows filtered by workflow/entity,"entity/module/workflow mentions results, result_approval, result_publication, results_page, staff_results or ranking","Module workflow statuses, transitions, gates, reversals and controls.",Codex/Claude Code,CORE_SCHEMA_JSON; MODULE_OMR_IMPORTS_WORKFLOWS,MVP,Yes,Generated as part of results module pack.
MODULE_SCHOOLS_DOCUMENTS_JSON,/spec/modules/schools/documents.json,json,module:schools,PENDING,02 Actors; 05 Data Schema; 06 Features; 07 Workflows; 08 Messages and API Actions; 10 Validation Rules; 11 Screens and UX; 14 Notifications; 18 Tests,schools,section 13 rows filtered by entity/workflow/module,"entity/module/workflow mentions schools, school_registration, school_approval, school_onboarding, staff_schools or school_dashboard",Module files/documents and lifecycle rules.,Codex/Claude Code,CORE_SCHEMA_JSON; CORE_ACTORS_JSON; CORE_ROLES_JSON,MVP,Yes,Generated as part of schools module pack.
MODULE_SCHOOLS_FEATURES_JSON,/spec/modules/schools/features.json,json,module:schools,PENDING,02 Actors; 05 Data Schema; 06 Features; 07 Workflows; 08 Messages and API Actions; 10 Validation Rules; 11 Screens and UX; 14 Notifications; 18 Tests,schools,section 06 rows filtered by module/workflow/entity,"entity/module/workflow mentions schools, school_registration, school_approval, school_onboarding, staff_schools or school_dashboard","Module feature definitions with inputs, outputs, gates and security rules.",Codex/Claude Code,CORE_SCHEMA_JSON; CORE_ACTORS_JSON; CORE_ROLES_JSON,MVP,Yes,Generated as part of schools module pack.
MODULE_SCHOOLS_MESSAGES_JSON,/spec/modules/schools/messages.json,json,module:schools,PENDING,02 Actors; 05 Data Schema; 06 Features; 07 Workflows; 08 Messages and API Actions; 10 Validation Rules; 11 Screens and UX; 14 Notifications; 18 Tests,schools,section 08 rows filtered by workflow/entity,"entity/module/workflow mentions schools, school_registration, school_approval, school_onboarding, staff_schools or school_dashboard","Module API/message definitions with request, response, codes, idempotency and audit.",Codex/Claude Code,CORE_SCHEMA_JSON; CORE_ACTORS_JSON; CORE_ROLES_JSON,MVP,Yes,Generated as part of schools module pack.
MODULE_SCHOOLS_MODULE_JSON,/spec/modules/schools/module.json,json,module:schools,PENDING,02 Actors; 05 Data Schema; 06 Features; 07 Workflows; 08 Messages and API Actions; 10 Validation Rules; 11 Screens and UX; 14 Notifications; 18 Tests,schools,module metadata rows + relevant features/workflows,"entity/module/workflow mentions schools, school_registration, school_approval, school_onboarding, staff_schools or school_dashboard","Module metadata, owner, dependencies, provided capabilities and version policy.",Codex/Claude Code,CORE_SCHEMA_JSON; CORE_ACTORS_JSON; CORE_ROLES_JSON,MVP,Yes,Generated as part of schools module pack.
MODULE_SCHOOLS_NOTIFICATIONS_JSON,/spec/modules/schools/notifications.json,json,module:schools,PENDING,02 Actors; 05 Data Schema; 06 Features; 07 Workflows; 08 Messages and API Actions; 10 Validation Rules; 11 Screens and UX; 14 Notifications; 18 Tests,schools,section 14 rows filtered by workflow/module,"entity/module/workflow mentions schools, school_registration, school_approval, school_onboarding, staff_schools or school_dashboard","Module notifications, recipients, channels and templates.",Codex/Claude Code,CORE_SCHEMA_JSON; CORE_ACTORS_JSON; CORE_ROLES_JSON,MVP,Yes,Generated as part of schools module pack.
MODULE_SCHOOLS_SCHEMA_JSON,/spec/modules/schools/schema.json,json,module:schools,PENDING,02 Actors; 05 Data Schema; 06 Features; 07 Workflows; 08 Messages and API Actions; 10 Validation Rules; 11 Screens and UX; 14 Notifications; 18 Tests,schools,section 05 rows filtered by entity/module,"entity/module/workflow mentions schools, school_registration, school_approval, school_onboarding, staff_schools or school_dashboard","Module-specific collections, fields and relationships.",Codex/Claude Code,CORE_SCHEMA_JSON; CORE_ACTORS_JSON; CORE_ROLES_JSON,MVP,Yes,Generated as part of schools module pack.
MODULE_SCHOOLS_SCREENS_JSON,/spec/modules/schools/screens.json,json,module:schools,PENDING,02 Actors; 05 Data Schema; 06 Features; 07 Workflows; 08 Messages and API Actions; 10 Validation Rules; 11 Screens and UX; 14 Notifications; 18 Tests,schools,section 11 rows filtered by module/workflow/entity,"entity/module/workflow mentions schools, school_registration, school_approval, school_onboarding, staff_schools or school_dashboard","Module UI routes, access scope and UX requirements.",Codex/Claude Code,CORE_SCHEMA_JSON; CORE_ACTORS_JSON; CORE_ROLES_JSON,MVP,Yes,Generated as part of schools module pack.
MODULE_SCHOOLS_SECURITY_JSON,/spec/modules/schools/security.json,json,module:schools,PENDING,02 Actors; 05 Data Schema; 06 Features; 07 Workflows; 08 Messages and API Actions; 10 Validation Rules; 11 Screens and UX; 14 Notifications; 18 Tests,schools,sections 15-17 rows filtered by entity/workflow/module,"entity/module/workflow mentions schools, school_registration, school_approval, school_onboarding, staff_schools or school_dashboard",Module-specific security/privacy/audit controls.,Codex/Claude Code,CORE_SCHEMA_JSON; CORE_ACTORS_JSON; CORE_ROLES_JSON,MVP,Yes,Generated as part of schools module pack.
MODULE_SCHOOLS_TESTS_JSON,/spec/modules/schools/tests.json,json,module:schools,PENDING,02 Actors; 05 Data Schema; 06 Features; 07 Workflows; 08 Messages and API Actions; 10 Validation Rules; 11 Screens and UX; 14 Notifications; 18 Tests,schools,section 18 rows filtered by workflow/entity/module,"entity/module/workflow mentions schools, school_registration, school_approval, school_onboarding, staff_schools or school_dashboard",Module tests and acceptance/security/regression checks.,Codex/Claude Code,CORE_SCHEMA_JSON; CORE_ACTORS_JSON; CORE_ROLES_JSON,MVP,Yes,Generated as part of schools module pack.
MODULE_SCHOOLS_VALIDATIONS_JSON,/spec/modules/schools/validations.json,json,module:schools,PENDING,02 Actors; 05 Data Schema; 06 Features; 07 Workflows; 08 Messages and API Actions; 10 Validation Rules; 11 Screens and UX; 14 Notifications; 18 Tests,schools,section 10 rows filtered by workflow/entity,"entity/module/workflow mentions schools, school_registration, school_approval, school_onboarding, staff_schools or school_dashboard",Module validation rules and server-side gates.,Codex/Claude Code,CORE_SCHEMA_JSON; CORE_ACTORS_JSON; CORE_ROLES_JSON,MVP,Yes,Generated as part of schools module pack.
MODULE_SCHOOLS_WORKFLOWS_JSON,/spec/modules/schools/workflows.json,json,module:schools,PENDING,02 Actors; 05 Data Schema; 06 Features; 07 Workflows; 08 Messages and API Actions; 10 Validation Rules; 11 Screens and UX; 14 Notifications; 18 Tests,schools,section 07 and section 09 rows filtered by workflow/entity,"entity/module/workflow mentions schools, school_registration, school_approval, school_onboarding, staff_schools or school_dashboard","Module workflow statuses, transitions, gates, reversals and controls.",Codex/Claude Code,CORE_SCHEMA_JSON; CORE_ACTORS_JSON; CORE_ROLES_JSON,MVP,Yes,Generated as part of schools module pack.
MODULE_STUDENTS_DOCUMENTS_JSON,/spec/modules/students/documents.json,json,module:students,PENDING,05 Data Schema; 06 Features; 07 Workflows; 08 Messages and API Actions; 10 Validation Rules; 11 Screens and UX; 13 Files and Documents; 14 Notifications; 16 Privacy; 18 Tests,students,section 13 rows filtered by entity/workflow/module,"entity/module/workflow mentions students, student_upload, student_validation, student_registration, finalise_student_count or student files",Module files/documents and lifecycle rules.,Codex/Claude Code,CORE_SCHEMA_JSON; SECURITY_PRIVACY_JSON,MVP,Yes,Generated as part of students module pack.
MODULE_STUDENTS_FEATURES_JSON,/spec/modules/students/features.json,json,module:students,PENDING,05 Data Schema; 06 Features; 07 Workflows; 08 Messages and API Actions; 10 Validation Rules; 11 Screens and UX; 13 Files and Documents; 14 Notifications; 16 Privacy; 18 Tests,students,section 06 rows filtered by module/workflow/entity,"entity/module/workflow mentions students, student_upload, student_validation, student_registration, finalise_student_count or student files","Module feature definitions with inputs, outputs, gates and security rules.",Codex/Claude Code,CORE_SCHEMA_JSON; SECURITY_PRIVACY_JSON,MVP,Yes,Generated as part of students module pack.
MODULE_STUDENTS_MESSAGES_JSON,/spec/modules/students/messages.json,json,module:students,PENDING,05 Data Schema; 06 Features; 07 Workflows; 08 Messages and API Actions; 10 Validation Rules; 11 Screens and UX; 13 Files and Documents; 14 Notifications; 16 Privacy; 18 Tests,students,section 08 rows filtered by workflow/entity,"entity/module/workflow mentions students, student_upload, student_validation, student_registration, finalise_student_count or student files","Module API/message definitions with request, response, codes, idempotency and audit.",Codex/Claude Code,CORE_SCHEMA_JSON; SECURITY_PRIVACY_JSON,MVP,Yes,Generated as part of students module pack.
MODULE_STUDENTS_MODULE_JSON,/spec/modules/students/module.json,json,module:students,PENDING,05 Data Schema; 06 Features; 07 Workflows; 08 Messages and API Actions; 10 Validation Rules; 11 Screens and UX; 13 Files and Documents; 14 Notifications; 16 Privacy; 18 Tests,students,module metadata rows + relevant features/workflows,"entity/module/workflow mentions students, student_upload, student_validation, student_registration, finalise_student_count or student files","Module metadata, owner, dependencies, provided capabilities and version policy.",Codex/Claude Code,CORE_SCHEMA_JSON; SECURITY_PRIVACY_JSON,MVP,Yes,Generated as part of students module pack.
MODULE_STUDENTS_NOTIFICATIONS_JSON,/spec/modules/students/notifications.json,json,module:students,PENDING,05 Data Schema; 06 Features; 07 Workflows; 08 Messages and API Actions; 10 Validation Rules; 11 Screens and UX; 13 Files and Documents; 14 Notifications; 16 Privacy; 18 Tests,students,section 14 rows filtered by workflow/module,"entity/module/workflow mentions students, student_upload, student_validation, student_registration, finalise_student_count or student files","Module notifications, recipients, channels and templates.",Codex/Claude Code,CORE_SCHEMA_JSON; SECURITY_PRIVACY_JSON,MVP,Yes,Generated as part of students module pack.
MODULE_STUDENTS_SCHEMA_JSON,/spec/modules/students/schema.json,json,module:students,PENDING,05 Data Schema; 06 Features; 07 Workflows; 08 Messages and API Actions; 10 Validation Rules; 11 Screens and UX; 13 Files and Documents; 14 Notifications; 16 Privacy; 18 Tests,students,section 05 rows filtered by entity/module,"entity/module/workflow mentions students, student_upload, student_validation, student_registration, finalise_student_count or student files","Module-specific collections, fields and relationships.",Codex/Claude Code,CORE_SCHEMA_JSON; SECURITY_PRIVACY_JSON,MVP,Yes,Generated as part of students module pack.
MODULE_STUDENTS_SCREENS_JSON,/spec/modules/students/screens.json,json,module:students,PENDING,05 Data Schema; 06 Features; 07 Workflows; 08 Messages and API Actions; 10 Validation Rules; 11 Screens and UX; 13 Files and Documents; 14 Notifications; 16 Privacy; 18 Tests,students,section 11 rows filtered by module/workflow/entity,"entity/module/workflow mentions students, student_upload, student_validation, student_registration, finalise_student_count or student files","Module UI routes, access scope and UX requirements.",Codex/Claude Code,CORE_SCHEMA_JSON; SECURITY_PRIVACY_JSON,MVP,Yes,Generated as part of students module pack.
MODULE_STUDENTS_SECURITY_JSON,/spec/modules/students/security.json,json,module:students,PENDING,05 Data Schema; 06 Features; 07 Workflows; 08 Messages and API Actions; 10 Validation Rules; 11 Screens and UX; 13 Files and Documents; 14 Notifications; 16 Privacy; 18 Tests,students,sections 15-17 rows filtered by entity/workflow/module,"entity/module/workflow mentions students, student_upload, student_validation, student_registration, finalise_student_count or student files",Module-specific security/privacy/audit controls.,Codex/Claude Code,CORE_SCHEMA_JSON; SECURITY_PRIVACY_JSON,MVP,Yes,Generated as part of students module pack.
MODULE_STUDENTS_TESTS_JSON,/spec/modules/students/tests.json,json,module:students,PENDING,05 Data Schema; 06 Features; 07 Workflows; 08 Messages and API Actions; 10 Validation Rules; 11 Screens and UX; 13 Files and Documents; 14 Notifications; 16 Privacy; 18 Tests,students,section 18 rows filtered by workflow/entity/module,"entity/module/workflow mentions students, student_upload, student_validation, student_registration, finalise_student_count or student files",Module tests and acceptance/security/regression checks.,Codex/Claude Code,CORE_SCHEMA_JSON; SECURITY_PRIVACY_JSON,MVP,Yes,Generated as part of students module pack.
MODULE_STUDENTS_VALIDATIONS_JSON,/spec/modules/students/validations.json,json,module:students,PENDING,05 Data Schema; 06 Features; 07 Workflows; 08 Messages and API Actions; 10 Validation Rules; 11 Screens and UX; 13 Files and Documents; 14 Notifications; 16 Privacy; 18 Tests,students,section 10 rows filtered by workflow/entity,"entity/module/workflow mentions students, student_upload, student_validation, student_registration, finalise_student_count or student files",Module validation rules and server-side gates.,Codex/Claude Code,CORE_SCHEMA_JSON; SECURITY_PRIVACY_JSON,MVP,Yes,Generated as part of students module pack.
MODULE_STUDENTS_WORKFLOWS_JSON,/spec/modules/students/workflows.json,json,module:students,PENDING,05 Data Schema; 06 Features; 07 Workflows; 08 Messages and API Actions; 10 Validation Rules; 11 Screens and UX; 13 Files and Documents; 14 Notifications; 16 Privacy; 18 Tests,students,section 07 and section 09 rows filtered by workflow/entity,"entity/module/workflow mentions students, student_upload, student_validation, student_registration, finalise_student_count or student files","Module workflow statuses, transitions, gates, reversals and controls.",Codex/Claude Code,CORE_SCHEMA_JSON; SECURITY_PRIVACY_JSON,MVP,Yes,Generated as part of students module pack.
TESTS_ACCEPTANCE_JSON,/spec/tests/acceptance_tests.json,json,tests,PENDING,18 Tests,all test modules,test_case,section == '18 Tests' AND decision_type == 'test_case',Generate acceptance/unit/API/UI/E2E test catalog grouped by workflow and module.,Codex/Claude Code,CORE_PROJECT_JSON; all module tests,MVP,Yes,Global test registry.
TESTS_REGRESSION_JSON,/spec/tests/regression_tests.json,json,tests,PENDING,18 Tests; 19 Build Instructions and Runbook,regression_bug_template; repair_loop; tests_before_done,test_case; runbook_guardrail,"decision_type in ['test_case','runbook_guardrail'] AND answer/test_instruction references regression/bug/failure/repair",Generate regression test registry and bug-fix test policy.,Codex/Claude Code,CHANGES_CHANGE_CONTROL_JSON,MVP,Yes,Continuity support.
TESTS_SECURITY_JSON,/spec/tests/security_tests.json,json,tests,PENDING,15 Security Hardening; 16 Privacy; 18 Tests,security modules; privacy modules; security tests,security_control; privacy_rule; test_case,"section in ['15 Security Hardening',""16 Privacy and Children's Data"",'18 Tests'] AND security_level == 'restricted' OR decision_type contains security","Generate dedicated security/privacy permission tests, including public access, school isolation, secret scan and webhook tests.",Codex/Claude Code,SECURITY_BASELINE_JSON; SECURITY_ACCESS_MATRIX_JSON,MVP,Yes,Security test subset.
RUNBOOK_BUILD_MD,/spec/runbooks/build_runbook.md,md,runbooks,PENDING,19 Build Instructions and Runbook,all runbook steps and guardrails,runbook_step; runbook_guardrail,section == '19 Build Instructions and Runbook',"Write step-by-step Codex/Claude Code build runbook with guardrails, module order, stop conditions and repair loop.",Codex/Claude Code,all core/security/module artifacts,MVP,Yes,Primary agent execution file.
RUNBOOK_CODEX_PROMPT_MD,/spec/runbooks/codex_start_prompt.md,md,runbooks,PENDING,00-20 all sections,all modules,all decision types,all rows from master CSV,"Generate the initial Codex prompt that instructs Codex to read the master CSV and generated spec pack, then build sequentially with tests and stop conditions.",Codex/Claude Code,RUNBOOK_BUILD_MD; CORE_PROJECT_JSON,MVP,Yes,Practical start file to paste into Codex.
RUNBOOK_DEPLOYMENT_MD,/spec/runbooks/deployment_runbook.md,md,runbooks,PENDING,20 Deployment and Operations Runbook,deployment rows; go-live checks,Environment variable; deployment; go_live_check,section == '20 Deployment and Operations Runbook',"Write deployment, env, Hostinger, Directus, backup, monitoring, go-live and operations runbook.",Codex/Claude Code,SECURITY_SECRETS_POLICY_JSON; CORE_INTEGRATIONS_JSON,MVP,Yes,Production readiness runbook.
RUNBOOK_ROLLBACK_MD,/spec/runbooks/rollback_runbook.md,md,runbooks,PENDING,20 Deployment and Operations Runbook; 19 Build Instructions and Runbook,rollback_plan; schema_migration_policy; no_unapproved_delete,deployment; runbook_guardrail,"answer/build_instruction references rollback, migration, destructive delete, previous deployment or restore","Write rollback steps for frontend, Directus schema/data, files, payment config and release rollback.",Codex/Claude Code,RUNBOOK_DEPLOYMENT_MD; CHANGES_CHANGE_CONTROL_JSON,MVP,Yes,Required for production launch.
